key12,3,3,12,2,ico01050105,0,0,350008,360008,212600,1,0,99,212600
key13,3,3,13,2,ico01050105,0,0,350009,360009,212200,1,0,99,212200
key14,3,3,14,2,ico01050105,0,0,350010,360010,212400,1,0,99,212400
key15,3,3,15,2,ico01050105,0,0,350011,360011,257600,1,0,99,257600
key16,3,3,16,3,ico01050105,0,0,350012,360012,365800,1,0,99,365800
key17,3,3,17,2,ico01050105,0,0,350013,360013,153200,1,0,99,153200
key18,3,3,18,2,ico01050105,0,0,350014,360014,381300,1,0,99,381300
key19,3,3,19,2,ico01050105,0,0,350015,360015,129700,1,0,99,129700
key20,3,3,20,3,ico01050105,0,0,350016,360016,239100,1,0,99,239100
key21,3,3,21,2,ico01050105,0,0,350017,360017,365900,1,0,99,365900
key22,3,3,22,2,ico01050105,0,0,350018,360018,257900,1,0,99,257900
key23,3,3,23,3,ico01050105,0,0,350019,360019,185300,1,0,99,185300
key24,3,3,24,2,ico01050105,0,0,350020,360020,240600,1,0,99,240600
key25,3,3,25,2,ico01050105,0,0,350021,360021,109600,1,0,99,109600
key26,3,3,26,2,ico01050105,0,0,350022,360022,257500,1,0,99,257500
key27,3,3,27,2,ico01050105,0,0,350023,360023,257800,1,0,99,257800
key28,3,3,28,2,ico01050105,0,0,350024,360024,158300,1,0,99,158300
key29,3,3,29,2,ico01050105,0,0,350025,360025,97700,1,0,99,97700
key30,3,3,30,2,ico01050105,0,0,350026,360026,156800,1,0,99,156800
key31,3,3,31,2,ico01050105,0,0,350027,360027,257300,1,0,99,257300
key32,3,3,32,2,ico01050105,0,0,350028,360028,153400,1,0,99,153400
key33,3,3,33,2,ico01050105,0,0,350029,360029,33200,1,0,99,33200
key34,3,3,34,2,ico01050105,0,0,350030,360030,320700,1,0,99,320700
key35,3,3,35,2,ico01050105,0,0,350031,360031,238200,1,0,99,238200
key36,3,3,36,2,ico01050105,0,0,350032,360032,163600,1,0,99,163600
key38,3,3,38,2,ico01050105,0,0,350034,360034,219900,1,0,99,219900
key39,3,3,39,3,ico01050105,0,0,350035,360035,267100,1,0,99,267100
key41,3,3,41,3,ico01050105,0,0,350037,360037,6800,1,0,99,6800
key42,3,3,42,2,ico01050105,0,0,350038,360038,124800,1,0,99,124800
key43,3,3,43,2,ico01050105,0,0,350039,360039,23600,1,0,99,23600
key44,3,3,44,3,ico01050105,0,0,350040,360040,124900,1,0,99,124900
key45,3,3,45,3,ico01050105,0,0,350041,360041,124100,1,0,99,124100
key46,3,3,46,2,ico01050105,0,0,350042,360042,120600,1,0,99,120600
key47,3,3,47,2,ico01050105,0,0,350043,360043,331800,1,0,99,331800
key48,3,3,48,2,ico01050105,0,0,350044,360044,270800,1,0,99,270800
key49,3,3,49,3,ico01050105,0,0,350045,360045,183200,1,0,99,183200
key50,3,3,50,3,ico01050105,0,0,350046,360046,163500,1,0,99,163500
key100,3,3,100,1,ico01050106,0,0,350047,360047,334000,1,0,99,334000
key101,3,3,101,3,ico01050110,0,0,350048,360048,192000,1,0,99,192000
key102,3,3,102,5,ico01050110,0,0,350049,360049,184400,1,0,99,184400
key103,3,3,103,6,ico01050110,0,0,350050,360050,345700,1,0,99,345700
key104,3,3,104,5,ico01050110,0,0,350051,360051,20500,1,0,99,20500
key105,3,3,105,3,ico01050110,0,0,350052,360052,328700,1,0,99,328700
key106,3,3,106,4,ico01050110,0,0,350053,360053,81600,1,0,99,81600
key107,3,3,107,6,ico01050110,0,0,350054,360054,21400,1,0,99,21400
key108,3,3,108,3,ico01050110,0,0,350055,360055,19900,1,0,99,19900
key109,3,3,109,2,ico01050106,0,0,350056,360056,334100,1,0,99,334100
key110,3,3,110,6,ico01050110,0,0,350057,360057,156500,1,0,99,156500
key112,3,3,112,4,ico01050110,0,0,350059,360059,235300,1,0,99,235300
key114,3,3,114,5,ico01050110,0,0,350061,360061,100600,1,0,99,100600
key115,3,3,115,6,ico01050110,0,0,350062,360062,217900,1,0,99,217900
key116,3,3,116,5,ico01050110,0,0,350063,360063,204200,1,0,99,204200
key118,3,3,118,4,ico01050110,0,0,350065,360065,339500,1,0,99,339500
key119,3,3,119,2,ico01050106,0,0,350066,360066,334200,1,0,99,334200
key120,3,3,120,2,ico01050106,0,0,350067,360067,334300,1,0,99,334300
key121,3,3,121,3,ico01050106,0,0,350068,360068,334400,1,0,99,334400
key122,3,3,122,4,ico01050106,0,0,350069,360069,334500,1,0,99,334500
key123,3,3,123,4,ico01050106,0,0,350070,360070,334600,1,0,99,334600
key124,3,3,124,4,ico01050110,0,0,350071,360071,351300,1,0,99,351300
key125,3,3,125,6,ico01050110,0,0,350072,360072,194600,1,0,99,194600
key126,3,3,126,4,ico01050110,0,0,350073,360073,309500,1,0,99,309500
key127,3,3,127,6,ico01050110,0,0,350074,360074,225400,1,0,99,225400
key128,3,3,128,7,ico01050110,0,0,350075,360075,132700,1,0,99,132700
key129,3,3,129,4,ico01050110,0,0,350076,360076,214400,1,0,99,214400
key130,3,3,130,7,ico01050110,0,0,350077,360077,255700,1,0,99,255700
key131,3,3,131,7,ico01050110,0,0,350078,360078,244400,1,0,99,244400
key132,3,3,132,7,ico01050110,0,0,350079,360079,246200,1,0,99,246200
key133,3,3,133,7,ico01050110,0,0,350080,360080,158500,1,0,99,158500
key134,3,3,134,7,ico01050110,0,0,350081,360081,325000,1,0,99,325000
key135,3,3,135,6,ico01050110,0,0,350082,360082,331000,1,0,99,331000
key136,3,3,136,5,ico01050106,0,0,350083,360083,334700,1,0,99,334700
key137,3,3,137,5,ico01050106,0,0,350084,360084,334800,1,0,99,334800
key200,3,3,200,2,ico01050101,0,0,350137,360137,211700,1,0,99,211700
key201,3,3,201,5,ico01050101,0,0,350138,360138,5300,1,0,99,5300
key202,3,3,202,1,ico01050101,0,0,350139,360139,211900,1,0,99,211900
key203,3,3,203,2,ico01050101,0,0,350140,360140,212700,1,0,99,212700
key204,3,3,204,6,ico01050101,0,0,350141,360141,7100,1,0,99,7100
key205,3,3,205,3,ico01050101,0,0,350142,360142,6400,1,0,99,6400
key206,3,3,206,3,ico01050101,0,0,350143,360143,9300,1,0,99,9300
key207,3,3,207,3,ico01050101,0,0,350144,360144,10700,1,0,99,10700
key208,3,3,208,2,ico01050101,0,0,350145,360145,5600,1,0,99,5600
key209,3,3,209,10,ico01050101,0,0,350146,360146,49500,1,0,99,49500
key210,3,3,210,6,ico01050101,0,0,350147,360147,6500,1,0,99,6500
key211,3,3,211,4,ico01050101,0,0,350148,360148,9500,1,0,99,9500
key212,3,3,212,5,ico01050101,0,0,350149,360149,10400,1,0,99,10400
key213,3,3,213,8,ico01070005,0,0,350150,360150,348100,1,0,99,348100
key214,3,3,214,10,ico01070005,0,0,350151,360151,317500,1,0,99,317500
key215,3,3,215,7,ico01050101,0,0,350152,360152,9400,1,0,99,9400
key216,3,3,216,8,ico01050101,0,0,350153,360153,10500,1,0,99,10500
key217,3,3,217,6,ico01050101,0,0,350154,360154,5200,1,0,99,5200
key219,3,3,219,2,ico01050101,0,0,350156,360156,257200,1,0,99,257200
key221,3,3,221,3,ico01050101,0,0,350158,360158,124500,1,0,99,124500
key222,3,3,222,1,ico01050101,0,0,350159,360159,152900,1,0,99,152900
key224,3,3,224,1,ico01050101,0,0,350161,360161,239000,1,0,99,239000
key225,3,3,225,3,ico01050101,0,0,350162,360162,129600,1,0,99,129600
key226,3,3,226,1,ico01050101,0,0,350163,360163,124400,1,0,99,124400
key227,3,3,227,6,ico01050101,0,0,350164,360164,238900,1,0,99,238900
key229,3,3,229,9,ico01050101,0,0,350166,360166,211800,1,0,99,211800
key230,3,3,230,5,ico01050101,0,0,350167,360167,124200,1,0,99,124200
key232,3,3,232,3,ico01050101,0,0,350169,360169,344700,1,0,99,344700
key233,3,3,233,3,ico01050101,0,0,350170,360170,383400,1,0,99,383400
key234,3,3,234,3,ico01050101,0,0,350171,360171,326500,1,0,99,326500
key235,3,3,235,6,ico01050101,0,0,350172,360172,185000,1,0,99,185000
key236,3,3,236,5,ico01050101,0,0,350173,360173,266900,1,0,99,266900
key237,3,3,237,3,ico01050101,0,0,350174,360174,233300,1,0,99,233300
key238,3,3,238,1,ico01050101,0,0,350175,360175,10900,1,0,99,10900
key239,3,3,239,3,ico01050101,0,0,350176,360176,4100,1,0,99,4100
key240,3,3,240,6,ico01050101,0,0,350177,360177,23800,1,0,99,23800
key241,3,3,241,8,ico01050101,0,0,350178,360178,344600,1,0,99,344600
key242,3,3,242,7,ico01050101,0,0,350179,360179,383300,1,0,99,383300
key243,3,3,243,8,ico01050101,0,0,350180,360180,326400,1,0,99,326400
key244,3,3,244,9,ico01050101,0,0,350181,360181,185200,1,0,99,185200
key245,3,3,245,5,ico01050101,0,0,350182,360182,266500,1,0,99,266500
key246,3,3,246,7,ico01050101,0,0,350183,360183,233400,1,0,99,233400
key247,3,3,247,7,ico01050101,0,0,350184,360184,11100,1,0,99,11100
key248,3,3,248,6,ico01050101,0,0,350185,360185,4000,1,0,99,4000
key249,3,3,249,4,ico01050101,0,0,350186,360186,23700,1,0,99,23700
key254,3,3,254,5,ico01050101,0,0,350191,360191,266700,1,0,99,266700
key256,3,3,256,7,ico01050101,0,0,350193,360193,11000,1,0,99,11000
key257,3,3,257,7,ico01050101,0,0,350194,360194,3900,1,0,99,3900
key258,3,3,258,6,ico01050101,0,0,350195,360195,23400,1,0,99,23400
key259,3,3,259,7,ico01050101,0,0,350196,360196,193300,1,0,99,193300
key261,3,3,261,6,ico01050101,0,0,350198,360198,240100,1,0,99,240100
key264,3,3,264,4,ico01050101,0,0,350201,360201,141100,1,0,99,141100
key265,3,3,265,6,ico01050101,0,0,350202,360202,240200,1,0,99,240200
key266,3,3,266,4,ico01050101,0,0,350203,360203,72800,1,0,99,72800
key267,3,3,267,6,ico01050101,0,0,350204,360204,124600,1,0,99,124600
key268,3,3,268,6,ico01050101,0,0,350205,360205,33400,1,0,99,33400
key269,3,3,269,2,ico01050101,0,0,350206,360206,124000,1,0,99,124000
key271,3,3,271,6,ico01050101,0,0,350208,360208,124300,1,0,99,124300
key273,3,3,273,5,ico01050101,0,0,350210,360210,261900,1,0,99,261900
key274,3,3,274,3,ico01050101,0,0,350211,360211,141200,1,0,99,141200
key275,3,3,275,6,ico01050101,0,0,350212,360212,260700,1,0,99,260700
key276,3,3,276,5,ico01050101,0,0,350213,360213,380600,1,0,99,380600
key277,3,3,277,7,ico01050101,0,0,350214,360214,234400,1,0,99,234400
key278,3,3,278,6,ico01050101,0,0,350215,360215,33300,1,0,99,33300
key280,3,3,280,5,ico01050101,0,0,350217,360217,262000,1,0,99,262000
key281,3,3,281,4,ico01050101,0,0,350218,360218,141000,1,0,99,141000
key282,3,3,282,4,ico01050101,0,0,350219,360219,260600,1,0,99,260600
key283,3,3,283,6,ico01050101,0,0,350220,360220,380700,1,0,99,380700
key284,3,3,284,6,ico01050101,0,0,350221,360221,234600,1,0,99,234600
key285,3,3,285,6,ico01050101,0,0,350222,360222,33100,1,0,99,33100
key287,3,3,287,7,ico01050101,0,0,350224,360224,261800,1,0,99,261800
key288,3,3,288,7,ico01050101,0,0,350225,360225,140900,1,0,99,140900
key289,3,3,289,7,ico01050101,0,0,350226,360226,260800,1,0,99,260800
key290,3,3,290,8,ico01050101,0,0,350227,360227,380500,1,0,99,380500
key292,3,3,292,5,ico01050101,0,0,350229,360229,32900,1,0,99,32900
key293,3,3,293,1,ico01050101,0,0,350230,360230,122400,1,0,99,122400
key294,3,3,294,1,ico01050101,0,0,350231,360231,122100,1,0,99,122100
key295,3,3,295,5,ico01050101,0,0,350232,360232,122600,1,0,99,122600
key296,3,3,296,4,ico01050101,0,0,350233,360233,153000,1,0,99,153000
key297,3,3,297,4,ico01050101,0,0,350234,360234,153300,1,0,99,153300
key298,3,3,298,1,ico01050101,0,0,350235,360235,123900,1,0,99,123900
key300,3,3,300,3,ico01050101,0,0,350237,360237,305700,1,0,99,305700
key301,3,3,301,3,ico01050101,0,0,350238,360238,282100,1,0,99,282100
key302,3,3,302,3,ico01050101,0,0,350239,360239,26200,1,0,99,26200
key303,3,3,303,3,ico01050101,0,0,350240,360240,91900,1,0,99,91900
key304,3,3,304,3,ico01050101,0,0,350241,360241,237700,1,0,99,237700
key306,3,3,306,5,ico01050101,0,0,350243,360243,226200,1,0,99,226200
key307,3,3,307,2,ico01050101,0,0,350244,360244,4300,1,0,99,4300
key308,3,3,308,2,ico01050101,0,0,350245,360245,7900,1,0,99,7900
key309,3,3,309,5,ico01050101,0,0,350246,360246,3100,1,0,99,3100
key310,3,3,310,3,ico01050101,0,0,350247,360247,85000,1,0,99,85000
key311,3,3,311,7,ico01050101,0,0,350248,360248,305800,1,0,99,305800
key312,3,3,312,4,ico01050101,0,0,350249,360249,282200,1,0,99,282200
key313,3,3,313,4,ico01050101,0,0,350250,360250,26000,1,0,99,26000
key314,3,3,314,7,ico01050101,0,0,350251,360251,91800,1,0,99,91800
key315,3,3,315,7,ico01050101,0,0,350252,360252,237900,1,0,99,237900
key316,3,3,316,7,ico01050101,0,0,350253,360253,371000,1,0,99,371000
key317,3,3,317,7,ico01050101,0,0,350254,360254,226500,1,0,99,226500
key318,3,3,318,8,ico01050101,0,0,350255,360255,4400,1,0,99,4400
key319,3,3,319,4,ico01050101,0,0,350256,360256,7700,1,0,99,7700
key320,3,3,320,8,ico01050101,0,0,350257,360257,3300,1,0,99,3300
key321,3,3,321,6,ico01050101,0,0,350258,360258,85100,1,0,99,85100
key323,3,3,323,7,ico01050101,0,0,350260,360260,282000,1,0,99,282000
key324,3,3,324,7,ico01050101,0,0,350261,360261,26100,1,0,99,26100
key327,3,3,327,4,ico01050101,0,0,350264,360264,371100,1,0,99,371100
key328,3,3,328,7,ico01050101,0,0,350265,360265,226400,1,0,99,226400
key330,3,3,330,7,ico01050101,0,0,350267,360267,7800,1,0,99,7800
key331,3,3,331,9,ico01050101,0,0,350268,360268,3000,1,0,99,3000
key332,3,3,332,5,ico01050101,0,0,350269,360269,84900,1,0,99,84900
key334,3,3,334,2,ico01050101,0,0,350271,360271,381000,1,0,99,381000
key335,3,3,335,3,ico01050101,0,0,350272,360272,71300,1,0,99,71300
key336,3,3,336,5,ico01050101,0,0,350273,360273,263600,1,0,99,263600
key337,3,3,337,3,ico01050101,0,0,350274,360274,191900,1,0,99,191900
key338,3,3,338,5,ico01050101,0,0,350275,360275,212300,1,0,99,212300
key339,3,3,339,6,ico01050101,0,0,350276,360276,212100,1,0,99,212100
key340,3,3,340,5,ico01050101,0,0,350277,360277,381100,1,0,99,381100
key341,3,3,341,6,ico01050101,0,0,350278,360278,71100,1,0,99,71100
key342,3,3,342,8,ico01050101,0,0,350279,360279,263700,1,0,99,263700
key343,3,3,343,7,ico01050101,0,0,350280,360280,191700,1,0,99,191700
key344,3,3,344,6,ico01050101,0,0,350281,360281,212500,1,0,99,212500
key345,3,3,345,7,ico01050101,0,0,350282,360282,212000,1,0,99,212000
key346,3,3,346,8,ico01050101,0,0,350283,360283,381200,1,0,99,381200
key347,3,3,347,9,ico01050101,0,0,350284,360284,71400,1,0,99,71400
key352,3,3,352,5,ico01050101,0,0,350289,360289,128600,1,0,99,128600
key353,3,3,353,4,ico01050101,0,0,350290,360290,128200,1,0,99,128200
key354,3,3,354,5,ico01050101,0,0,350291,360291,128400,1,0,99,128400
key355,3,3,355,8,ico01050101,0,0,350292,360292,128500,1,0,99,128500
key356,3,3,356,8,ico01050101,0,0,350293,360293,361500,1,0,99,361500
key357,3,3,357,6,ico01050101,0,0,350294,360294,299400,1,0,99,299400
key358,3,3,358,5,ico01050101,0,0,350295,360295,299000,1,0,99,299000
key359,3,3,359,5,ico01050101,0,0,350296,360296,53500,1,0,99,53500
key360,3,3,360,4,ico01050101,0,0,350297,360297,300200,1,0,99,300200
key361,3,3,361,4,ico01050101,0,0,350298,360298,98300,1,0,99,98300
key362,3,3,362,7,ico01050101,0,0,350299,360299,145700,1,0,99,145700
key363,3,3,363,6,ico01050101,0,0,350300,360300,240700,1,0,99,240700
key364,3,3,364,6,ico01050101,0,0,350301,360301,6900,1,0,99,6900
key365,3,3,365,3,ico01050101,0,0,350302,360302,148500,1,0,99,148500
key366,3,3,366,4,ico01050101,0,0,350303,360303,299500,1,0,99,299500
key367,3,3,367,6,ico01050101,0,0,350304,360304,299100,1,0,99,299100
key368,3,3,368,4,ico01050101,0,0,350305,360305,53300,1,0,99,53300
key369,3,3,369,7,ico01050101,0,0,350306,360306,300000,1,0,99,300000
key370,3,3,370,7,ico01050101,0,0,350307,360307,98200,1,0,99,98200
key371,3,3,371,7,ico01050101,0,0,350308,360308,145600,1,0,99,145600
key372,3,3,372,8,ico01050101,0,0,350309,360309,240500,1,0,99,240500
key373,3,3,373,7,ico01050101,0,0,350310,360310,6700,1,0,99,6700
key374,3,3,374,5,ico01050101,0,0,350311,360311,148300,1,0,99,148300
key375,3,3,375,7,ico01050101,0,0,350312,360312,299600,1,0,99,299600
key376,3,3,376,9,ico01050101,0,0,350313,360313,299200,1,0,99,299200
key377,3,3,377,7,ico01050101,0,0,350314,360314,53400,1,0,99,53400
key384,3,3,384,5,ico01050101,0,0,350321,360321,257400,1,0,99,257400
key385,3,3,385,4,ico01050101,0,0,350322,360322,236900,1,0,99,236900
key386,3,3,386,5,ico01050101,0,0,350323,360323,171100,1,0,99,171100
key387,3,3,387,6,ico01050101,0,0,350324,360324,320600,1,0,99,320600
key388,3,3,388,5,ico01050101,0,0,350325,360325,363200,1,0,99,363200
key389,3,3,389,5,ico01050101,0,0,350326,360326,72400,1,0,99,72400
key390,3,3,390,5,ico01050101,0,0,350327,360327,163000,1,0,99,163000
key391,3,3,391,5,ico01050101,0,0,350328,360328,316700,1,0,99,316700
key392,3,3,392,5,ico01050101,0,0,350329,360329,318500,1,0,99,318500
key393,3,3,393,9,ico01050101,0,0,350330,360330,193500,1,0,99,193500
key394,3,3,394,8,ico01050101,0,0,350331,360331,171000,1,0,99,171000
key395,3,3,395,7,ico01050101,0,0,350332,360332,320500,1,0,99,320500
key396,3,3,396,7,ico01050101,0,0,350333,360333,363400,1,0,99,363400
key397,3,3,397,6,ico01050101,0,0,350334,360334,72200,1,0,99,72200
key398,3,3,398,6,ico01050101,0,0,350335,360335,162800,1,0,99,162800
key399,3,3,399,6,ico01050101,0,0,350336,360336,316800,1,0,99,316800
key400,3,3,400,7,ico01050101,0,0,350337,360337,318600,1,0,99,318600
key401,3,3,401,7,ico01050101,0,0,350338,360338,193600,1,0,99,193600
key402,3,3,402,6,ico01050101,0,0,350339,360339,171200,1,0,99,171200
key404,3,3,404,4,ico01050101,0,0,350341,360341,363300,1,0,99,363300
key405,3,3,405,9,ico01050101,0,0,350342,360342,72300,1,0,99,72300
key406,3,3,406,9,ico01050101,0,0,350343,360343,162900,1,0,99,162900
key407,3,3,407,9,ico01050101,0,0,350344,360344,316600,1,0,99,316600
key409,3,3,409,8,ico01050101,0,0,350346,360346,193400,1,0,99,193400
key410,3,3,410,5,ico01050101,0,0,350347,360347,28300,1,0,99,28300
key411,3,3,411,6,ico01050101,0,0,350348,360348,150600,1,0,99,150600
key412,3,3,412,4,ico01050101,0,0,350349,360349,95700,1,0,99,95700
key413,3,3,413,6,ico01050101,0,0,350350,360350,294200,1,0,99,294200
key414,3,3,414,6,ico01050101,0,0,350351,360351,327900,1,0,99,327900
key415,3,3,415,1,ico01050101,0,0,350352,360352,350100,1,0,99,350100
key416,3,3,416,7,ico01050101,0,0,350353,360353,370700,1,0,99,370700
key417,3,3,417,4,ico01050101,0,0,350354,360354,73100,1,0,99,73100
key418,3,3,418,5,ico01050101,0,0,350355,360355,121000,1,0,99,121000
key419,3,3,419,5,ico01050101,0,0,350356,360356,265200,1,0,99,265200
key420,3,3,420,4,ico01050101,0,0,350357,360357,372100,1,0,99,372100
key421,3,3,421,6,ico01050101,0,0,350358,360358,175000,1,0,99,175000
key422,3,3,422,8,ico01050101,0,0,350359,360359,336200,1,0,99,336200
key423,3,3,423,4,ico01050101,0,0,350360,360360,325600,1,0,99,325600
key424,3,3,424,8,ico01050101,0,0,350361,360361,117600,1,0,99,117600
key425,3,3,425,7,ico01050101,0,0,350362,360362,150500,1,0,99,150500
key426,3,3,426,7,ico01050101,0,0,350363,360363,95600,1,0,99,95600
key427,3,3,427,4,ico01050101,0,0,350364,360364,294100,1,0,99,294100
key428,3,3,428,7,ico01050101,0,0,350365,360365,328000,1,0,99,328000
key429,3,3,429,4,ico01050101,0,0,350366,360366,349900,1,0,99,349900
key431,3,3,431,7,ico01050101,0,0,350368,360368,72900,1,0,99,72900
key432,3,3,432,7,ico01050101,0,0,350369,360369,120900,1,0,99,120900
key433,3,3,433,7,ico01050101,0,0,350370,360370,265400,1,0,99,265400
key434,3,3,434,4,ico01050101,0,0,350371,360371,372000,1,0,99,372000
key435,3,3,435,7,ico01050101,0,0,350372,360372,174900,1,0,99,174900
key436,3,3,436,4,ico01050101,0,0,350373,360373,336100,1,0,99,336100
key437,3,3,437,7,ico01050101,0,0,350374,360374,325500,1,0,99,325500
key438,3,3,438,4,ico01050101,0,0,350375,360375,117900,1,0,99,117900
key441,3,3,441,9,ico01050101,0,0,350378,360378,294000,1,0,99,294000
key443,3,3,443,7,ico01050101,0,0,350380,360380,350000,1,0,99,350000
key448,3,3,448,7,ico01050101,0,0,350385,360385,371900,1,0,99,371900
key452,3,3,452,6,ico01050101,0,0,350389,360389,117700,1,0,99,117700
key453,3,3,453,6,ico01050101,0,0,350390,360390,340900,1,0,99,340900
key454,3,3,454,5,ico01050101,0,0,350391,360391,333700,1,0,99,333700
key455,3,3,455,7,ico01050101,0,0,350392,360392,266800,1,0,99,266800
key456,3,3,456,6,ico01050101,0,0,350393,360393,351000,1,0,99,351000
key457,3,3,457,9,ico01050101,0,0,350394,360394,58200,1,0,99,58200
key458,3,3,458,5,ico01050101,0,0,350395,360395,203700,1,0,99,203700
key459,3,3,459,6,ico01050101,0,0,350396,360396,247500,1,0,99,247500
key460,3,3,460,6,ico01050101,0,0,350397,360397,70600,1,0,99,70600
key461,3,3,461,6,ico01050101,0,0,350398,360398,71200,1,0,99,71200
key462,3,3,462,8,ico01050101,0,0,350399,360399,8400,1,0,99,8400
key463,3,3,463,6,ico01050101,0,0,350400,360400,59500,1,0,99,59500
key464,3,3,464,9,ico01050101,0,0,350401,360401,229600,1,0,99,229600
key465,3,3,465,7,ico01050101,0,0,350402,360402,341000,1,0,99,341000
key466,3,3,466,7,ico01050101,0,0,350403,360403,333900,1,0,99,333900
key467,3,3,467,4,ico01050101,0,0,350404,360404,266400,1,0,99,266400
key468,3,3,468,8,ico01050101,0,0,350405,360405,350900,1,0,99,350900
key469,3,3,469,6,ico01050101,0,0,350406,360406,58100,1,0,99,58100
key470,3,3,470,7,ico01050101,0,0,350407,360407,203500,1,0,99,203500
key471,3,3,471,8,ico01050101,0,0,350408,360408,247300,1,0,99,247300
key472,3,3,472,8,ico01050101,0,0,350409,360409,70700,1,0,99,70700
key473,3,3,473,7,ico01050101,0,0,350410,360410,71000,1,0,99,71000
key474,3,3,474,8,ico01050101,0,0,350411,360411,8500,1,0,99,8500
key475,3,3,475,6,ico01050101,0,0,350412,360412,59200,1,0,99,59200
key476,3,3,476,4,ico01050101,0,0,350413,360413,229700,1,0,99,229700
key477,3,3,477,6,ico01050101,0,0,350414,360414,340800,1,0,99,340800
key479,3,3,479,7,ico01050101,0,0,350416,360416,267000,1,0,99,267000
key486,3,3,486,9,ico01050101,0,0,350423,360423,8600,1,0,99,8600
key488,3,3,488,8,ico01050101,0,0,350425,360425,229400,1,0,99,229400
key490,3,3,490,9,ico01050101,0,0,350427,360427,164400,1,0,99,164400
key491,3,3,491,8,ico01050101,0,0,350428,360428,164200,1,0,99,164200
key493,3,3,493,5,ico01050101,0,0,350430,360430,122300,1,0,99,122300
key494,3,3,494,5,ico01050101,0,0,350431,360431,122200,1,0,99,122200
key497,3,3,497,10,ico01050101,0,0,350434,360434,369600,1,0,99,369600
key498,3,3,498,9,ico01050101,0,0,350435,360435,275800,1,0,99,275800
key499,3,3,499,10,ico01050101,0,0,350436,360436,369800,1,0,99,369800
key500,3,3,500,7,ico01050101,0,0,350437,360437,5400,1,0,99,5400
key501,3,3,501,10,ico01050101,0,0,350438,360438,369900,1,0,99,369900
key502,3,3,502,6,ico01050101,0,0,350439,360439,82000,1,0,99,82000
key503,3,3,503,6,ico01050101,0,0,350440,360440,376100,1,0,99,376100
key504,3,3,504,5,ico01050101,0,0,350441,360441,105400,1,0,99,105400
key505,3,3,505,5,ico01050101,0,0,350442,360442,251500,1,0,99,251500
key506,3,3,506,6,ico01050101,0,0,350443,360443,52100,1,0,99,52100
key507,3,3,507,4,ico01050101,0,0,350444,360444,323600,1,0,99,323600
key508,3,3,508,6,ico01050101,0,0,350445,360445,82500,1,0,99,82500
key510,3,3,510,9,ico01050101,0,0,350447,360447,276000,1,0,99,276000
key511,3,3,511,9,ico01050101,0,0,350448,360448,122800,1,0,99,122800
key513,3,3,513,8,ico01050101,0,0,350450,360450,81800,1,0,99,81800
key514,3,3,514,7,ico01050101,0,0,350451,360451,375900,1,0,99,375900
key515,3,3,515,7,ico01050101,0,0,350452,360452,105500,1,0,99,105500
key516,3,3,516,7,ico01050101,0,0,350453,360453,251600,1,0,99,251600
key517,3,3,517,7,ico01050101,0,0,350454,360454,52000,1,0,99,52000
key518,3,3,518,7,ico01050101,0,0,350455,360455,323700,1,0,99,323700
key519,3,3,519,8,ico01050101,0,0,350456,360456,82700,1,0,99,82700
key520,3,3,520,7,ico01050101,0,0,350457,360457,88500,1,0,99,88500
key521,3,3,521,9,ico01050101,0,0,350458,360458,275600,1,0,99,275600
key522,3,3,522,7,ico01050101,0,0,350459,360459,122900,1,0,99,122900
key525,3,3,525,7,ico01050101,0,0,350462,360462,376000,1,0,99,376000
key530,3,3,530,6,ico01050101,0,0,350467,360467,88400,1,0,99,88400
key533,3,3,533,10,ico01050101,0,0,350470,360470,369500,1,0,99,369500
key537,3,3,537,5,ico01050101,0,0,350474,360474,106000,1,0,99,106000
key539,3,3,539,8,ico01050101,0,0,350476,360476,322600,1,0,99,322600
key542,3,3,542,8,ico01050101,0,0,350479,360479,201500,1,0,99,201500
key543,3,3,543,8,ico01050101,0,0,350480,360480,370950,1,0,99,370950
key544,3,3,544,4,ico01050101,0,0,350481,360481,256400,1,0,99,256400
key545,3,3,545,5,ico01050101,0,0,350482,360482,78000,1,0,99,78000
key546,3,3,546,6,ico01050101,0,0,350483,360483,96600,1,0,99,96600
key547,3,3,547,7,ico01050101,0,0,350484,360484,101000,1,0,99,101000
key548,3,3,548,8,ico01050101,0,0,350485,360485,28100,1,0,99,28100
key549,3,3,549,9,ico01050101,0,0,350486,360486,21800,1,0,99,21800
key550,3,3,550,9,ico01050101,0,0,350487,360487,227900,1,0,99,227900
key551,3,3,551,5,ico01050101,0,0,350488,360488,317200,1,0,99,317200
key556,3,3,556,9,ico01050101,0,0,350493,360493,104800,1,0,99,104800
key557,3,3,557,10,ico01050101,0,0,350494,360494,34300,1,0,99,34300
key558,3,3,558,10,ico01050101,0,0,350495,360495,133000,1,0,99,133000
key559,3,3,559,4,ico01050101,0,0,350496,360496,363700,1,0,99,363700
key561,3,3,561,6,ico01050101,0,0,350498,360498,106100,1,0,99,106100
key562,3,3,562,6,ico01050101,0,0,350499,360499,341700,1,0,99,341700
key563,3,3,563,9,ico01050101,0,0,350500,360500,322700,1,0,99,322700
key564,3,3,564,8,ico01050101,0,0,350501,360501,146600,1,0,99,146600
key565,3,3,565,7,ico01050101,0,0,350502,360502,194200,1,0,99,194200
key566,3,3,566,8,ico01050101,0,0,350503,360503,201600,1,0,99,201600
key567,3,3,567,8,ico01050101,0,0,350504,360504,370600,1,0,99,370600
key568,3,3,568,7,ico01050101,0,0,350505,360505,256500,1,0,99,256500
key569,3,3,569,7,ico01050101,0,0,350506,360506,78200,1,0,99,78200
key570,3,3,570,8,ico01050101,0,0,350507,360507,96500,1,0,99,96500
key571,3,3,571,7,ico01050101,0,0,350508,360508,100900,1,0,99,100900
key572,3,3,572,6,ico01050101,0,0,350509,360509,28000,1,0,99,28000
key573,3,3,573,6,ico01050101,0,0,350510,360510,21900,1,0,99,21900
key574,3,3,574,8,ico01050101,0,0,350511,360511,227700,1,0,99,227700
key575,3,3,575,7,ico01050101,0,0,350512,360512,317400,1,0,99,317400
key576,3,3,576,7,ico01050101,0,0,350513,360513,297800,1,0,99,297800
key577,3,3,577,8,ico01050101,0,0,350514,360514,293200,1,0,99,293200
key579,3,3,579,8,ico01050101,0,0,350516,360516,280800,1,0,99,280800
key580,3,3,580,8,ico01050101,0,0,350517,360517,104600,1,0,99,104600
key581,3,3,581,5,ico01050101,0,0,350518,360518,34000,1,0,99,34000
key582,3,3,582,6,ico01050101,0,0,350519,360519,133100,1,0,99,133100
key583,3,3,583,8,ico01050101,0,0,350520,360520,363900,1,0,99,363900
key585,3,3,585,7,ico01050101,0,0,350522,360522,106200,1,0,99,106200
key586,3,3,586,9,ico01050101,0,0,350523,360523,341600,1,0,99,341600
key587,3,3,587,8,ico01050101,0,0,350524,360524,322900,1,0,99,322900
key591,3,3,591,6,ico01050101,0,0,350528,360528,370500,1,0,99,370500
key607,3,3,607,10,ico01050101,0,0,350544,360544,82300,1,0,99,82300
key612,3,3,612,5,ico01050101,0,0,350549,360549,379900,1,0,99,379900
key616,3,3,616,7,ico01050101,0,0,350553,360553,380000,1,0,99,380000
key618,3,3,618,9,ico01050101,0,0,350555,360555,372400,1,0,99,372400
key620,3,3,620,6,ico01050101,0,0,350557,360557,372300,1,0,99,372300
key631,3,3,631,8,ico01050101,0,0,350568,360568,266200,1,0,99,266200
key663,3,3,663,6,ico01050101,0,0,350600,360600,328100,1,0,99,328100
key673,3,3,673,8,ico01050101,0,0,350610,360610,8300,1,0,99,8300
key674,3,3,674,5,ico01050101,0,0,350611,360611,266100,1,0,99,266100
key717,3,3,717,8,ico01050101,0,0,350654,360654,266300,1,0,99,266300
key749,3,3,749,7,ico01050101,0,0,350686,360686,240400,1,0,99,240400
key760,3,3,760,6,ico01050101,0,0,350697,360697,124700,1,0,99,124700
key762,3,3,762,6,ico01050101,0,0,350699,360699,125100,1,0,99,125100
key763,3,3,763,6,ico01050101,0,0,350700,360700,125000,1,0,99,125000
key2001,6,1,21,1,ico01050300,0,0,110005,120005,201800,1,0,,201800
key2003,6,1,23,3,ico01050300,0,0,110007,120007,129500,1,0,,129500
key2005,6,1,25,3,ico01050300,0,0,110009,120009,97600,1,0,,97600
key2007,6,1,27,2,ico01050300,0,0,110001,120001,211600,1,0,,211600
key2008,6,1,28,7,ico01050301,0,0,110012,120003,123800,1,0,,123800
key2010,6,1,30,5,ico01050300,0,0,110014,120014,110700,1,0,,110700
key2016,6,1,36,5,ico01050300,0,0,110020,120020,183100,1,0,,183100
key2017,6,1,37,7,ico01050301,0,0,110021,120021,192400,1,0,,192400
key2018,6,1,38,4,ico01050300,0,0,110022,120022,177100,1,0,,177100
key2020,6,1,11,5,ico01050300,0,0,110003,120003,236300,1,0,,236300
key2034,6,1,54,6,ico01050300,0,0,110037,120037,107500,1,0,,107500
key2037,6,1,57,8,ico01050301,0,0,110040,120040,322800,1,0,,322800
key2041,6,1,61,6,ico01050300,0,0,110044,120044,146300,1,0,,146300
key2043,6,1,63,6,ico01050300,0,0,110046,120046,370900,1,0,,370900
key2048,6,1,68,6,ico01050300,0,0,110051,120051,266600,1,0,,266600
key2059,6,1,79,8,ico01050301,0,0,110062,120062,234700,1,0,,234700
key2063,6,1,83,6,ico01050300,0,0,110066,120066,163700,1,0,,163700
key2080,6,1,100,8,ico01050301,0,0,110083,120083,164500,1,0,,164500
key2083,6,1,103,8,ico01050301,0,0,110086,120086,228000,1,0,,228000
key2091,6,1,111,8,ico01050301,0,0,110094,120094,226300,1,0,,226300
key2109,6,1,129,8,ico01050301,0,0,110112,120112,275900,1,0,,275900
key2110,6,1,130,8,ico01050301,0,0,110113,120113,104900,1,0,,104900
key2119,6,1,139,5,ico01050300,0,0,110122,120122,10600,1,0,,10600
key2120,6,1,140,6,ico01050300,0,0,110123,120123,5500,1,0,,5500
key2124,6,1,144,8,ico01050301,0,0,110127,120127,3200,1,0,,3200
key2125,6,1,145,5,ico01050300,0,0,110128,120128,5100,1,0,,5100
key2126,6,1,146,5,ico01050300,0,0,110129,120129,6200,1,0,,6200
key2128,6,1,148,8,ico01050301,0,0,110131,120131,8700,1,0,,8700
key2129,6,1,149,7,ico01050301,0,0,110132,120132,348000,1,0,,348000
key2131,6,1,151,9,ico01050301,0,0,110134,120134,23500,1,0,,23500
key2132,6,1,152,9,ico01050301,0,0,110135,120135,148600,1,0,,148600
key2133,6,1,153,10,ico01050301,0,0,110136,120136,34200,1,0,,34200
key2134,6,1,154,9,ico01050301,0,0,110137,120137,84800,1,0,,84800
key2135,6,1,155,9,ico01050301,0,0,110138,120138,59300,1,0,,59300
key2136,6,1,156,9,ico01050301,0,0,110139,120139,117800,1,0,,117800
key2137,6,1,157,9,ico01050301,0,0,110140,120140,123000,1,0,,123000
key2138,6,1,158,10,ico01050301,0,0,110141,120141,133200,1,0,,133200
key2139,6,1,159,9,ico01050301,0,0,110142,120142,33000,1,0,,33000
key2140,6,1,160,9,ico01050301,0,0,110143,120143,229500,1,0,,229500
key2141,6,1,161,9,ico01050301,0,0,110144,120144,128300,1,0,,128300
key2142,6,1,162,10,ico01050301,0,0,110145,120145,363800,1,0,,363800
key2143,6,1,163,10,ico01050301,0,0,110146,120146,369700,1,0,,369700
key2404,3,3,775,11,ico01050106,0,0,350710,360710,,1,0,99
key2405,3,3,776,12,ico01050106,0,0,350711,360711,,1,0,99
key2411,3,3,782,11,ico01050110,0,0,350717,360717,,1,0,99
key2412,3,3,783,11,ico01050110,0,0,350718,360718,,1,0,99
key2413,3,3,784,12,ico01050110,0,0,350719,360719,,1,0,99
key2414,3,3,785,12,ico01050110,0,0,350720,360720,,1,0,99
key2415,3,3,786,11,ico01050110,0,0,350721,360721,,1,0,99
key2416,3,3,787,11,ico01050110,0,0,350722,360722,,1,0,99
key2417,3,3,788,12,ico01050110,0,0,350723,360723,,1,0,99
key2418,3,3,789,12,ico01050110,0,0,350724,360724,,1,0,99
key2419,3,3,790,11,ico01050110,0,0,350725,360725,,1,0,99
key2420,3,3,791,11,ico01050110,0,0,350726,360726,,1,0,99
key2421,3,3,792,12,ico01050110,0,0,350727,360727,,1,0,99
key2422,3,3,793,12,ico01050110,0,0,350728,360728,,1,0,99
key2423,3,3,794,11,ico01050110,0,0,350729,360729,,1,0,99
key2424,3,3,795,11,ico01050110,0,0,350730,360730,,1,0,99
key2425,3,3,796,12,ico01050110,0,0,350731,360731,,1,0,99
key2426,3,3,797,12,ico01050110,0,0,350732,360732,,1,0,99
key2427,3,3,798,11,ico01050110,0,0,350733,360733,,1,0,99
key2428,3,3,799,11,ico01050110,0,0,350734,360734,,1,0,99
key2429,3,3,800,12,ico01050110,0,0,350735,360735,,1,0,99
key2430,3,3,801,12,ico01050110,0,0,350736,360736,,1,0,99
key2431,3,3,802,11,ico01050110,0,0,350737,360737,,1,0,99
key2432,3,3,803,11,ico01050110,0,0,350738,360738,,1,0,99
key2433,3,3,804,12,ico01050110,0,0,350739,360739,,1,0,99
key2434,3,3,805,12,ico01050110,0,0,350740,360740,,1,0,99
key2445,3,3,816,11,ico01050101,0,0,350751,360751,,1,0,99
key2446,3,3,817,11,ico01050101,0,0,350752,360752,,1,0,99
key2447,3,3,818,11,ico01050101,0,0,350753,360753,,1,0,99
key2448,3,3,819,11,ico01050101,0,0,350754,360754,,1,0,99
key2449,3,3,820,11,ico01050101,0,0,350755,360755,,1,0,99
key2450,3,3,821,11,ico01050101,0,0,350756,360756,,1,0,99
key2451,3,3,822,11,ico01050101,0,0,350757,360757,,1,0,99
key2452,3,3,823,11,ico01050101,0,0,350758,360758,,1,0,99
key2453,3,3,824,11,ico01050101,0,0,350759,360759,,1,0,99
key2454,3,3,825,11,ico01050101,0,0,350760,360760,,1,0,99
key2455,3,3,826,11,ico01050101,0,0,350761,360761,,1,0,99
key2456,3,3,827,11,ico01050101,0,0,350762,360762,,1,0,99
key2457,3,3,828,11,ico01050101,0,0,350763,360763,,1,0,99
key2458,3,3,829,11,ico01050101,0,0,350764,360764,,1,0,99
key2459,3,3,830,11,ico01050101,0,0,350765,360765,,1,0,99
key2460,3,3,831,11,ico01050101,0,0,350766,360766,,1,0,99
key2461,3,3,832,11,ico01050101,0,0,350767,360767,,1,0,99
key2462,3,3,833,11,ico01050101,0,0,350768,360768,,1,0,99
key2463,3,3,834,11,ico01050101,0,0,350769,360769,,1,0,99
key2464,3,3,835,11,ico01050101,0,0,350770,360770,,1,0,99
key2465,3,3,836,11,ico01050101,0,0,350771,360771,,1,0,99
key2466,3,3,837,11,ico01050101,0,0,350772,360772,,1,0,99
key2467,3,3,838,11,ico01050101,0,0,350773,360773,,1,0,99
key2468,3,3,839,11,ico01050101,0,0,350774,360774,,1,0,99
key2469,3,3,840,11,ico01050101,0,0,350775,360775,,1,0,99
key2470,3,3,841,11,ico01050101,0,0,350776,360776,,1,0,99
key2471,3,3,842,11,ico01050101,0,0,350777,360777,,1,0,99
key2472,3,3,843,11,ico01050101,0,0,350778,360778,,1,0,99
key2473,3,3,844,11,ico01050101,0,0,350779,360779,,1,0,99
key2474,3,3,845,11,ico01050101,0,0,350780,360780,,1,0,99
key2475,3,3,846,11,ico01050101,0,0,350781,360781,,1,0,99
key2476,3,3,847,11,ico01050101,0,0,350782,360782,,1,0,99
key2477,3,3,848,11,ico01050101,0,0,350783,360783,,1,0,99
key2478,3,3,849,11,ico01050101,0,0,350784,360784,,1,0,99
key2479,3,3,850,11,ico01050101,0,0,350785,360785,,1,0,99
key2480,3,3,851,11,ico01050101,0,0,350786,360786,,1,0,99
key2481,3,3,852,11,ico01050101,0,0,350787,360787,,1,0,99
key2482,3,3,853,11,ico01050101,0,0,350788,360788,,1,0,99
key2483,3,3,854,11,ico01050101,0,0,350789,360789,,1,0,99
key2484,3,3,855,11,ico01050101,0,0,350790,360790,,1,0,99
key2485,3,3,856,11,ico01050101,0,0,350791,360791,,1,0,99
key2486,3,3,857,11,ico01050101,0,0,350792,360792,,1,0,99
key2487,3,3,858,11,ico01050101,0,0,350793,360793,,1,0,99
key2488,3,3,859,11,ico01050101,0,0,350794,360794,,1,0,99
key2489,3,3,860,11,ico01050101,0,0,350795,360795,,1,0,99
key2490,3,3,861,11,ico01050101,0,0,350796,360796,,1,0,99
key2491,3,3,862,11,ico01050101,0,0,350797,360797,,1,0,99
key2492,3,3,863,11,ico01050101,0,0,350798,360798,,1,0,99
key2493,3,3,864,11,ico01050101,0,0,350799,360799,,1,0,99
key2494,3,3,865,11,ico01050101,0,0,350800,360800,,1,0,99
key2495,3,3,866,11,ico01050101,0,0,350801,360801,,1,0,99
key2496,3,3,867,11,ico01050101,0,0,350802,360802,,1,0,99
key2497,3,3,868,11,ico01050101,0,0,350803,360803,,1,0,99
key2498,3,3,869,11,ico01050101,0,0,350804,360804,,1,0,99
key2499,3,3,870,11,ico01050101,0,0,350805,360805,,1,0,99
key2500,3,3,871,11,ico01050101,0,0,350806,360806,,1,0,99
key2501,3,3,872,11,ico01050101,0,0,350807,360807,,1,0,99
key2502,3,3,873,11,ico01050101,0,0,350808,360808,,1,0,99
key2503,3,3,874,11,ico01050101,0,0,350809,360809,,1,0,99
key2504,3,3,875,11,ico01050101,0,0,350810,360810,,1,0,99
key2505,3,3,876,11,ico01050101,0,0,350811,360811,,1,0,99
key2506,3,3,877,11,ico01050101,0,0,350812,360812,,1,0,99
key2507,3,3,878,11,ico01050101,0,0,350813,360813,,1,0,99
key2508,3,3,879,11,ico01050101,0,0,350814,360814,,1,0,99
key2509,3,3,880,11,ico01050101,0,0,350815,360815,,1,0,99
key2510,3,3,881,11,ico01050101,0,0,350816,360816,,1,0,99
key2511,3,3,882,11,ico01050101,0,0,350817,360817,,1,0,99
key2512,3,3,883,11,ico01050101,0,0,350818,360818,,1,0,99
key2513,3,3,884,11,ico01050101,0,0,350819,360819,,1,0,99
key2514,3,3,885,11,ico01050101,0,0,350820,360820,,1,0,99
key2515,3,3,886,11,ico01050101,0,0,350821,360821,,1,0,99
key2516,3,3,887,11,ico01050101,0,0,350822,360822,,1,0,99
key2517,3,3,888,11,ico01050101,0,0,350823,360823,,1,0,99
key2518,3,3,889,11,ico01050101,0,0,350824,360824,,1,0,99
key2519,3,3,890,11,ico01050101,0,0,350825,360825,,1,0,99
key2520,3,3,891,11,ico01050101,0,0,350826,360826,,1,0,99
key2521,3,3,892,11,ico01050101,0,0,350827,360827,,1,0,99
key2522,3,3,893,11,ico01050101,0,0,350828,360828,,1,0,99
key2523,3,3,894,11,ico01050101,0,0,350829,360829,,1,0,99
key2524,3,3,895,11,ico01050101,0,0,350830,360830,,1,0,99
key2525,3,3,896,11,ico01050101,0,0,350831,360831,,1,0,99
key2526,3,3,897,11,ico01050101,0,0,350832,360832,,1,0,99
key2528,3,3,899,11,ico01050101,0,0,350834,360834,,1,0,99
key2529,3,3,900,11,ico01050101,0,0,350835,360835,,1,0,99
key2530,3,3,901,11,ico01050101,0,0,350836,360836,,1,0,99
key2531,3,3,902,11,ico01050101,0,0,350837,360837,,1,0,99
key2532,3,3,903,11,ico01050101,0,0,350838,360838,,1,0,99
key2533,3,3,904,11,ico01050101,0,0,350839,360839,,1,0,99
key2534,3,3,905,11,ico01050101,0,0,350840,360840,,1,0,99
key2535,3,3,906,11,ico01050101,0,0,350841,360841,,1,0,99
key2536,3,3,907,11,ico01050101,0,0,350842,360842,,1,0,99
key2537,3,3,908,11,ico01050101,0,0,350843,360843,,1,0,99
key2538,3,3,909,11,ico01050101,0,0,350844,360844,,1,0,99
key2539,3,3,910,11,ico01050101,0,0,350845,360845,,1,0,99
key2540,3,3,911,11,ico01050101,0,0,350846,360846,,1,0,99
key2541,3,3,912,11,ico01050101,0,0,350847,360847,,1,0,99
key2542,3,3,913,11,ico01050101,0,0,350848,360848,,1,0,99
key2543,3,3,914,11,ico01050101,0,0,350849,360849,,1,0,99
key2544,3,3,915,11,ico01050101,0,0,350850,360850,,1,0,99
key2545,3,3,916,12,ico01050101,0,0,350851,360851,,1,0,99
key2546,3,3,917,12,ico01050101,0,0,350852,360852,,1,0,99
key2547,3,3,918,12,ico01050101,0,0,350853,360853,,1,0,99
key2548,3,3,919,12,ico01050101,0,0,350854,360854,,1,0,99
key2549,3,3,920,12,ico01050101,0,0,350855,360855,,1,0,99
key2550,3,3,921,12,ico01050101,0,0,350856,360856,,1,0,99
key2551,3,3,922,12,ico01050101,0,0,350857,360857,,1,0,99
key2552,3,3,923,12,ico01050101,0,0,350858,360858,,1,0,99
key2553,3,3,924,12,ico01050101,0,0,350859,360859,,1,0,99
key2554,3,3,925,12,ico01050101,0,0,350860,360860,,1,0,99
key2555,3,3,926,12,ico01050101,0,0,350861,360861,,1,0,99
key2556,3,3,927,12,ico01050101,0,0,350862,360862,,1,0,99
key2557,3,3,928,12,ico01050101,0,0,350863,360863,,1,0,99
key2558,3,3,929,12,ico01050101,0,0,350864,360864,,1,0,99
key2559,3,3,930,12,ico01050101,0,0,350865,360865,,1,0,99
key2560,3,3,931,12,ico01050101,0,0,350866,360866,,1,0,99
key2561,3,3,932,12,ico01050101,0,0,350867,360867,,1,0,99
key2562,3,3,933,12,ico01050101,0,0,350868,360868,,1,0,99
key2563,3,3,934,12,ico01050101,0,0,350869,360869,,1,0,99
key2564,3,3,935,12,ico01050101,0,0,350870,360870,,1,0,99
key2565,3,3,936,12,ico01050101,0,0,350871,360871,,1,0,99
key2566,3,3,937,12,ico01050101,0,0,350872,360872,,1,0,99
key2567,3,3,938,12,ico01050101,0,0,350873,360873,,1,0,99
key2589,3,3,960,15,ico01050111,0,0,350895,360895,,1,0,99
key2604,6,1,175,11,ico01050301,0,0,110197,120197,,1,0
key2605,6,1,176,11,ico01050301,0,0,110198,120198,,1,0
key2606,6,1,177,11,ico01050301,0,0,110199,120199,,1,0
key2607,6,1,178,11,ico01050301,0,0,110200,120200,,1,0
key2608,6,1,179,11,ico01050301,0,0,110201,120201,,1,0
key2609,6,1,180,11,ico01050301,0,0,110202,120202,,1,0
key2610,6,1,181,11,ico01050301,0,0,110203,120203,,1,0
key2611,6,1,182,11,ico01050301,0,0,110204,120204,,1,0
key2612,6,1,183,11,ico01050301,0,0,110205,120205,,1,0
key2613,6,1,184,11,ico01050301,0,0,110206,120206,,1,0
key2614,6,1,185,11,ico01050301,0,0,110207,120207,,1,0
key2615,6,1,186,14,ico01050302,0,0,110208,120208,,1,0
key2616,6,1,187,14,ico01050302,0,0,110209,120209,,1,0
key2617,6,1,188,14,ico01050302,0,0,110210,120210,,1,0
key2618,6,1,189,14,ico01050302,0,0,110211,120211,,1,0
key2619,6,1,190,14,ico01050302,0,0,110212,120212,,1,0
key2620,6,1,191,14,ico01050302,0,0,110213,120213,,1,0
key2621,6,1,192,14,ico01050302,0,0,110214,120214,,1,0
key2622,6,1,193,14,ico01050302,0,0,110215,120215,,1,0
key2623,6,1,194,14,ico01050302,0,0,110216,120216,,1,0
key2624,6,1,195,14,ico01050302,0,0,110217,120217,,1,0
key2625,6,1,196,14,ico01050302,0,0,110218,120218,,1,0
key2626,6,1,197,14,ico01050302,0,0,110219,120219,,1,0
key2627,6,1,198,14,ico01050302,0,0,110220,120220,,1,0
key2628,6,1,199,14,ico01050302,0,0,110221,120221,,1,0
key2629,6,1,200,14,ico01050302,0,0,110222,120222,,1,0
key2630,6,1,201,14,ico01050302,0,0,110223,120223,,1,0
key2631,6,1,202,14,ico01050302,0,0,110224,120224,,1,0
key2632,6,1,203,14,ico01050302,0,0,110225,120225,,1,0
key2633,6,1,204,14,ico01050302,0,0,110226,120226,,1,0
key2634,6,1,205,14,ico01050302,0,0,110227,120227,,1,0
key2635,6,1,206,14,ico01050302,0,0,110228,120228,,1,0
key2636,6,1,207,14,ico01050302,0,0,110229,120229,,1,0
key2637,6,1,208,14,ico01050302,0,0,110230,120230,,1,0
key2654,3,3,970,5,ico01050105,0,0,350905,360905,,1,0,99
key2655,3,3,971,6,ico01050105,0,0,350906,360906,,1,0,99
key2656,3,3,972,6,ico01050105,0,0,350907,360907,,1,0,99
key2657,3,3,973,6,ico01050105,0,0,350908,360908,,1,0,99
key2659,3,3,975,13,ico01050106,0,0,350910,360910,,1,0,99
key2660,3,3,976,14,ico01050106,0,0,350911,360911,,1,0,99
key2666,3,3,982,13,ico01050110,0,0,350917,360917,,1,0,99
key2667,3,3,983,13,ico01050110,0,0,350918,360918,,1,0,99
key2668,3,3,984,14,ico01050110,0,0,350919,360919,,1,0,99
key2669,3,3,985,14,ico01050110,0,0,350920,360920,,1,0,99
key2670,3,3,986,13,ico01050110,0,0,350921,360921,,1,0,99
key2671,3,3,987,13,ico01050110,0,0,350922,360922,,1,0,99
key2672,3,3,988,14,ico01050110,0,0,350923,360923,,1,0,99
key2673,3,3,989,14,ico01050110,0,0,350924,360924,,1,0,99
key2674,3,3,990,13,ico01050110,0,0,350925,360925,,1,0,99
key2675,3,3,991,13,ico01050110,0,0,350926,360926,,1,0,99
key2676,3,3,992,14,ico01050110,0,0,350927,360927,,1,0,99
key2677,3,3,993,14,ico01050110,0,0,350928,360928,,1,0,99
key2678,3,3,994,13,ico01050110,0,0,350929,360929,,1,0,99
key2679,3,3,995,13,ico01050110,0,0,350930,360930,,1,0,99
key2680,3,3,996,14,ico01050110,0,0,350931,360931,,1,0,99
key2681,3,3,997,14,ico01050110,0,0,350932,360932,,1,0,99
key2682,3,3,998,13,ico01050110,0,0,350933,360933,,1,0,99
key2683,3,3,999,13,ico01050110,0,0,350934,360934,,1,0,99
key2684,3,3,1000,14,ico01050110,0,0,350935,360935,,1,0,99
key2685,3,3,1001,14,ico01050110,0,0,350936,360936,,1,0,99
key2686,3,3,1002,13,ico01050110,0,0,350937,360937,,1,0,99
key2687,3,3,1003,13,ico01050110,0,0,350938,360938,,1,0,99
key2688,3,3,1004,14,ico01050110,0,0,350939,360939,,1,0,99
key2689,3,3,1005,14,ico01050110,0,0,350940,360940,,1,0,99
key2700,3,3,1016,13,ico01050101,0,0,350951,360951,,1,0,99
key2701,3,3,1017,13,ico01050101,0,0,350952,360952,,1,0,99
key2702,3,3,1018,13,ico01050101,0,0,350953,360953,,1,0,99
key2703,3,3,1019,13,ico01050101,0,0,350954,360954,,1,0,99
key2704,3,3,1020,13,ico01050101,0,0,350955,360955,,1,0,99
key2705,3,3,1021,13,ico01050101,0,0,350956,360956,,1,0,99
key2706,3,3,1022,13,ico01050101,0,0,350957,360957,,1,0,99
key2707,3,3,1023,13,ico01050101,0,0,350958,360958,,1,0,99
key2708,3,3,1024,13,ico01050101,0,0,350959,360959,,1,0,99
key2709,3,3,1025,13,ico01050101,0,0,350960,360960,,1,0,99
key2710,3,3,1026,13,ico01050101,0,0,350961,360961,,1,0,99
key2711,3,3,1027,13,ico01050101,0,0,350962,360962,,1,0,99
key2712,3,3,1028,13,ico01050101,0,0,350963,360963,,1,0,99
key2713,3,3,1029,13,ico01050101,0,0,350964,360964,,1,0,99
key2714,3,3,1030,13,ico01050101,0,0,350965,360965,,1,0,99
key2715,3,3,1031,13,ico01050101,0,0,350966,360966,,1,0,99
key2716,3,3,1032,13,ico01050101,0,0,350967,360967,,1,0,99
key2717,3,3,1033,13,ico01050101,0,0,350968,360968,,1,0,99
key2718,3,3,1034,13,ico01050101,0,0,350969,360969,,1,0,99
key2719,3,3,1035,13,ico01050101,0,0,350970,360970,,1,0,99
key2720,3,3,1036,13,ico01050101,0,0,350971,360971,,1,0,99
key2721,3,3,1037,13,ico01050101,0,0,350972,360972,,1,0,99
key2722,3,3,1038,13,ico01050101,0,0,350973,360973,,1,0,99
key2723,3,3,1039,13,ico01050101,0,0,350974,360974,,1,0,99
key2724,3,3,1040,13,ico01050101,0,0,350975,360975,,1,0,99
key2725,3,3,1041,13,ico01050101,0,0,350976,360976,,1,0,99
key2726,3,3,1042,13,ico01050101,0,0,350977,360977,,1,0,99
key2727,3,3,1043,13,ico01050101,0,0,350978,360978,,1,0,99
key2728,3,3,1044,13,ico01050101,0,0,350979,360979,,1,0,99
key2729,3,3,1045,13,ico01050101,0,0,350980,360980,,1,0,99
key2730,3,3,1046,13,ico01050101,0,0,350981,360981,,1,0,99
key2731,3,3,1047,13,ico01050101,0,0,350982,360982,,1,0,99
key2732,3,3,1048,13,ico01050101,0,0,350983,360983,,1,0,99
key2733,3,3,1049,13,ico01050101,0,0,350984,360984,,1,0,99
key2734,3,3,1050,13,ico01050101,0,0,350985,360985,,1,0,99
key2735,3,3,1051,13,ico01050101,0,0,350986,360986,,1,0,99
key2736,3,3,1052,13,ico01050101,0,0,350987,360987,,1,0,99
key2737,3,3,1053,13,ico01050101,0,0,350988,360988,,1,0,99
key2738,3,3,1054,13,ico01050101,0,0,350989,360989,,1,0,99
key2739,3,3,1055,13,ico01050101,0,0,350990,360990,,1,0,99
key2740,3,3,1056,13,ico01050101,0,0,350991,360991,,1,0,99
key2741,3,3,1057,13,ico01050101,0,0,350992,360992,,1,0,99
key2742,3,3,1058,13,ico01050101,0,0,350993,360993,,1,0,99
key2743,3,3,1059,13,ico01050101,0,0,350994,360994,,1,0,99
key2744,3,3,1060,13,ico01050101,0,0,350995,360995,,1,0,99
key2745,3,3,1061,13,ico01050101,0,0,350996,360996,,1,0,99
key2746,3,3,1062,13,ico01050101,0,0,350997,360997,,1,0,99
key2747,3,3,1063,13,ico01050101,0,0,350998,360998,,1,0,99
key2748,3,3,1064,13,ico01050101,0,0,350999,360999,,1,0,99
key2749,3,3,1065,13,ico01050101,0,0,351000,361000,,1,0,99
key2750,3,3,1066,13,ico01050101,0,0,351001,361001,,1,0,99
key2751,3,3,1067,13,ico01050101,0,0,351002,361002,,1,0,99
key2752,3,3,1068,13,ico01050101,0,0,351003,361003,,1,0,99
key2753,3,3,1069,13,ico01050101,0,0,351004,361004,,1,0,99
key2754,3,3,1070,13,ico01050101,0,0,351005,361005,,1,0,99
key2755,3,3,1071,13,ico01050101,0,0,351006,361006,,1,0,99
key2756,3,3,1072,13,ico01050101,0,0,351007,361007,,1,0,99
key2757,3,3,1073,13,ico01050101,0,0,351008,361008,,1,0,99
key2758,3,3,1074,13,ico01050101,0,0,351009,361009,,1,0,99
key2759,3,3,1075,13,ico01050101,0,0,351010,361010,,1,0,99
key2760,3,3,1076,13,ico01050101,0,0,351011,361011,,1,0,99
key2761,3,3,1077,13,ico01050101,0,0,351012,361012,,1,0,99
key2762,3,3,1078,13,ico01050101,0,0,351013,361013,,1,0,99
key2763,3,3,1079,13,ico01050101,0,0,351014,361014,,1,0,99
key2764,3,3,1080,13,ico01050101,0,0,351015,361015,,1,0,99
key2765,3,3,1081,13,ico01050101,0,0,351016,361016,,1,0,99
key2766,3,3,1082,13,ico01050101,0,0,351017,361017,,1,0,99
key2767,3,3,1083,13,ico01050101,0,0,351018,361018,,1,0,99
key2768,3,3,1084,13,ico01050101,0,0,351019,361019,,1,0,99
key2769,3,3,1085,13,ico01050101,0,0,351020,361020,,1,0,99
key2770,3,3,1086,13,ico01050101,0,0,351021,361021,,1,0,99
key2771,3,3,1087,13,ico01050101,0,0,351022,361022,,1,0,99
key2772,3,3,1088,13,ico01050101,0,0,351023,361023,,1,0,99
key2773,3,3,1089,13,ico01050101,0,0,351024,361024,,1,0,99
key2774,3,3,1090,13,ico01050101,0,0,351025,361025,,1,0,99
key2775,3,3,1091,13,ico01050101,0,0,351026,361026,,1,0,99
key2776,3,3,1092,13,ico01050101,0,0,351027,361027,,1,0,99
key2777,3,3,1093,13,ico01050101,0,0,351028,361028,,1,0,99
key2778,3,3,1094,13,ico01050101,0,0,351029,361029,,1,0,99
key2779,3,3,1095,13,ico01050101,0,0,351030,361030,,1,0,99
key2780,3,3,1096,13,ico01050101,0,0,351031,361031,,1,0,99
key2781,3,3,1097,13,ico01050101,0,0,351032,361032,,1,0,99
key2783,3,3,1099,13,ico01050101,0,0,351034,361034,,1,0,99
key2784,3,3,1100,13,ico01050101,0,0,351035,361035,,1,0,99
key2785,3,3,1101,13,ico01050101,0,0,351036,361036,,1,0,99
key2786,3,3,1102,13,ico01050101,0,0,351037,361037,,1,0,99
key2787,3,3,1103,13,ico01050101,0,0,351038,361038,,1,0,99
key2788,3,3,1104,13,ico01050101,0,0,351039,361039,,1,0,99
key2789,3,3,1105,13,ico01050101,0,0,351040,361040,,1,0,99
key2790,3,3,1106,13,ico01050101,0,0,351041,361041,,1,0,99
key2791,3,3,1107,13,ico01050101,0,0,351042,361042,,1,0,99
key2792,3,3,1108,13,ico01050101,0,0,351043,361043,,1,0,99
key2793,3,3,1109,13,ico01050101,0,0,351044,361044,,1,0,99
key2794,3,3,1110,13,ico01050101,0,0,351045,361045,,1,0,99
key2795,3,3,1111,13,ico01050101,0,0,351046,361046,,1,0,99
key2796,3,3,1112,13,ico01050101,0,0,351047,361047,,1,0,99
key2797,3,3,1113,13,ico01050101,0,0,351048,361048,,1,0,99
key2798,3,3,1114,13,ico01050101,0,0,351049,361049,,1,0,99
key2799,3,3,1115,13,ico01050101,0,0,351050,361050,,1,0,99
key2800,3,3,1116,14,ico01050101,0,0,351051,361051,,1,0,99
key2801,3,3,1117,14,ico01050101,0,0,351052,361052,,1,0,99
key2802,3,3,1118,14,ico01050101,0,0,351053,361053,,1,0,99
key2803,3,3,1119,14,ico01050101,0,0,351054,361054,,1,0,99
key2804,3,3,1120,14,ico01050101,0,0,351055,361055,,1,0,99
key2805,3,3,1121,14,ico01050101,0,0,351056,361056,,1,0,99
key2806,3,3,1122,14,ico01050101,0,0,351057,361057,,1,0,99
key2807,3,3,1123,14,ico01050101,0,0,351058,361058,,1,0,99
key2808,3,3,1124,14,ico01050101,0,0,351059,361059,,1,0,99
key2809,3,3,1125,14,ico01050101,0,0,351060,361060,,1,0,99
key2810,3,3,1126,14,ico01050101,0,0,351061,361061,,1,0,99
key2811,3,3,1127,14,ico01050101,0,0,351062,361062,,1,0,99
key2812,3,3,1128,14,ico01050101,0,0,351063,361063,,1,0,99
key2813,3,3,1129,14,ico01050101,0,0,351064,361064,,1,0,99
key2814,3,3,1130,14,ico01050101,0,0,351065,361065,,1,0,99
key2815,3,3,1131,14,ico01050101,0,0,351066,361066,,1,0,99
key2816,3,3,1132,14,ico01050101,0,0,351067,361067,,1,0,99
key2817,3,3,1133,14,ico01050101,0,0,351068,361068,,1,0,99
key2818,3,3,1134,14,ico01050101,0,0,351069,361069,,1,0,99
key2819,3,3,1135,14,ico01050101,0,0,351070,361070,,1,0,99
key2820,3,3,1136,14,ico01050101,0,0,351071,361071,,1,0,99
key2821,3,3,1137,14,ico01050101,0,0,351072,361072,,1,0,99
key2822,3,3,1138,14,ico01050101,0,0,351073,361073,,1,0,99
key2823,3,3,1139,14,ico01050101,0,0,351074,361074,,1,0,99
key2839,3,3,1155,14,ico01070005,0,0,351090,361090,,1,0,99
key2844,3,3,1160,15,ico01050111,0,0,351095,361095,,1,0,99
key2859,6,1,230,13,ico01050301,0,0,110252,120252,,1,0
key2860,6,1,231,13,ico01050301,0,0,110253,120253,,1,0
key2861,6,1,232,13,ico01050301,0,0,110254,120254,,1,0
key2862,6,1,233,13,ico01050301,0,0,110255,120255,,1,0
key2863,6,1,234,13,ico01050301,0,0,110256,120256,,1,0
key2864,6,1,235,13,ico01050301,0,0,110257,120257,,1,0
key2865,6,1,236,13,ico01050301,0,0,110258,120258,,1,0
key2866,6,1,237,13,ico01050301,0,0,110259,120259,,1,0
key2867,6,1,238,13,ico01050301,0,0,110260,120260,,1,0
key2868,6,1,239,13,ico01050301,0,0,110261,120261,,1,0
key2869,6,1,240,13,ico01050301,0,0,110262,120262,,1,0
key2870,6,1,241,15,ico01050302,0,0,110263,120263,,1,0
key2871,6,1,242,15,ico01050302,0,0,110264,120264,,1,0
key2872,6,1,243,15,ico01050302,0,0,110265,120265,,1,0
key2873,6,1,244,15,ico01050302,0,0,110266,120266,,1,0
key2874,6,1,245,15,ico01050302,0,0,110267,120267,,1,0
key2875,6,1,246,15,ico01050302,0,0,110268,120268,,1,0
key2876,6,1,247,15,ico01050302,0,0,110269,120269,,1,0
key2877,6,1,248,15,ico01050302,0,0,110270,120270,,1,0
key2878,6,1,249,15,ico01050302,0,0,110271,120271,,1,0
key2879,6,1,250,15,ico01050302,0,0,110272,120272,,1,0
key2880,6,1,251,15,ico01050302,0,0,110273,120273,,1,0
key2881,6,1,252,15,ico01050302,0,0,110274,120274,,1,0
key2882,6,1,253,15,ico01050302,0,0,110275,120275,,1,0
key2883,6,1,254,15,ico01050302,0,0,110276,120276,,1,0
key2884,6,1,255,15,ico01050302,0,0,110277,120277,,1,0
key2885,6,1,256,15,ico01050302,0,0,110278,120278,,1,0
key2886,6,1,257,15,ico01050302,0,0,110279,120279,,1,0
key2887,6,1,258,15,ico01050302,0,0,110280,120280,,1,0
key2888,6,1,259,15,ico01050302,0,0,110281,120281,,1,0
key2889,6,1,260,15,ico01050302,0,0,110282,120282,,1,0
key2890,6,1,261,15,ico01050302,0,0,110283,120283,,1,0
key2891,6,1,262,15,ico01050302,0,0,110284,120284,,1,0
key2892,6,1,263,15,ico01050302,0,0,110285,120285,,1,0
key2893,6,1,264,15,ico01050302,0,0,110286,120286,,1,0